Dataset;Sequence;Threshold AIDAqc Raters;Thresold Manual Raters;TP;TN;FP;FN;Total Count;Sensitivity;Specificity;Accuracy
7_m_Br;anat;1;3;1;21;2;0;24;1;0.913043478;0.916666667
7_m_Mi;anat;1;4;1;66;9;0;76;1;0.88;0.881578947
94_m_As;anat;1;1;1;10;4;0;15;1;0.714285714;0.733333333
94_r_We;diff;1;3;1;27;4;0;32;1;0.870967742;0.875
7_m_Bo;func;1;1;2;2;1;0;5;1;0.666666667;0.8
7_m_Bo;func;1;2;1;2;2;0;5;1;0.5;0.6
7_h_He;func;1;2;2;6;1;1;10;0.666666667;0.857142857;0.8
94_m_As;diff;1;2;2;9;2;1;14;0.666666667;0.818181818;0.785714286
7_rab_Mu;anat;1;2;2;18;2;2;24;0.5;0.9;0.833333333
7_h_He;anat;1;4;1;5;3;1;10;0.5;0.625;0.6
7_h_He;anat;1;3;1;5;3;1;10;0.5;0.625;0.6
94c_m_As;diff;1;3;1;11;3;1;16;0.5;0.785714286;0.75
94_m_As;diff;1;3;1;9;3;1;14;0.5;0.75;0.714285714
7_r_Se;anat;1;4;1;106;17;1;125;0.5;0.861788618;0.856
7_r_Se;anat;2;4;1;117;6;1;125;0.5;0.951219512;0.944
7_h_He;func;1;1;2;5;1;2;10;0.5;0.833333333;0.7
117_m_Vr;func;1;4;1;16;2;1;20;0.5;0.888888889;0.85
94_r_Fr;diff;1;2;1;183;25;1;210;0.5;0.879807692;0.876190476
94_r_Fr;diff;2;2;1;195;13;1;210;0.5;0.9375;0.933333333
94_r_Fr;diff;3;2;1;203;5;1;210;0.5;0.975961538;0.971428571
94_r_Fr;diff;4;2;1;206;2;1;210;0.5;0.990384615;0.985714286
94_r_Fr;diff;5;2;1;208;0;1;210;0.5;1;0.995238095
7_rab_Mu;anat;1;1;4;15;0;5;24;0.444444444;1;0.791666667
7_m_Br;anat;1;2;2;18;1;3;24;0.4;0.947368421;0.833333333
7_m_Ca;anat;1;2;2;12;3;3;20;0.4;0.8;0.7
117_m_Vr;func;1;3;2;14;1;3;20;0.4;0.933333333;0.8
94c_m_As;func;1;2;2;9;2;3;16;0.4;0.818181818;0.6875
94_m_As;diff;1;1;2;7;2;3;14;0.4;0.777777778;0.642857143
117_m_Vr;func;1;2;3;12;0;5;20;0.375;1;0.75
7_m_Ca;anat;1;1;3;10;2;5;20;0.375;0.833333333;0.65
7_r_Se;anat;1;2;3;102;15;5;125;0.375;0.871794872;0.84
7_r_Se;anat;2;2;3;113;4;5;125;0.375;0.965811966;0.928
7_m_Lo;diff;1;2;6;16;4;10;36;0.375;0.8;0.611111111
7_m_Lo;diff;1;3;4;18;6;8;36;0.333333333;0.75;0.611111111
7_m_Lo;diff;1;4;2;22;8;4;36;0.333333333;0.733333333;0.666666667
7_h_He;anat;1;2;1;4;3;2;10;0.333333333;0.571428571;0.5
7_m_St;anat;1;4;1;14;2;2;19;0.333333333;0.875;0.789473684
7_m_Ca;diff;1;1;2;9;3;4;18;0.333333333;0.75;0.611111111
7_m_Lo;diff;1;1;8;10;2;16;36;0.333333333;0.833333333;0.5
94_r_Fr;diff;1;1;7;167;19;17;210;0.291666667;0.897849462;0.828571429
7_m_St;anat;1;1;3;7;0;9;19;0.25;1;0.526315789
94_m_Rei;anat;1;1;2;1;1;6;10;0.25;0.5;0.3
7_h_He;anat;1;1;1;3;3;3;10;0.25;0.5;0.4
94c_m_As;diff;1;1;4;0;0;12;16;0.25;;0.25
94c_m_As;diff;1;2;1;9;3;3;16;0.25;0.75;0.625
7_r_Se;diff;1;1;3;163;33;10;209;0.230769231;0.831632653;0.794258373
94_r_We;anat;1;1;2;86;8;7;103;0.222222222;0.914893617;0.854368932
94_r_We;anat;2;1;2;91;3;7;103;0.222222222;0.968085106;0.902912621
117_m_Ra;func;1;1;6;69;13;22;110;0.214285714;0.841463415;0.681818182
94_m_As;func;1;1;3;1;0;11;15;0.214285714;1;0.266666667
117c_m_Ri;diff;1;2;1;11;2;4;18;0.2;0.846153846;0.666666667
94c_m_As;func;1;1;3;0;1;12;16;0.2;0;0.1875
7_m_Mi;anat;1;1;2;58;8;8;76;0.2;0.878787879;0.789473684
7_m_Mi;anat;1;2;2;58;8;8;76;0.2;0.878787879;0.789473684
7_m_Br;anat;2;2;1;19;0;4;24;0.2;1;0.833333333
7_m_Br;anat;3;2;1;19;0;4;24;0.2;1;0.833333333
94_m_As;func;1;2;2;4;1;8;15;0.2;0.8;0.4
117_m_Vr;func;2;3;1;15;0;4;20;0.2;1;0.8
117_m_Vr;func;3;3;1;15;0;4;20;0.2;1;0.8
7_r_Se;anat;1;3;1;103;17;4;125;0.2;0.858333333;0.832
7_r_Se;anat;2;3;1;114;6;4;125;0.2;0.95;0.92
94c_m_As;func;2;2;1;10;1;4;16;0.2;0.909090909;0.6875
94_m_As;func;1;3;1;8;2;4;15;0.2;0.8;0.6
94_m_We;func;1;3;17;165;11;70;263;0.195402299;0.9375;0.692015209
117_m_Vr;func;1;1;3;4;0;13;20;0.1875;1;0.35
94_r_We;diff;1;2;2;18;3;9;32;0.181818182;0.857142857;0.625
117c_m_Ri;diff;1;1;2;5;1;10;18;0.166666667;0.833333333;0.388888889
7_m_Lo;diff;2;3;2;24;0;10;36;0.166666667;1;0.722222222
7_m_St;anat;1;3;1;11;2;5;19;0.166666667;0.846153846;0.631578947
7_m_Ca;diff;2;1;1;12;0;5;18;0.166666667;1;0.722222222
7_rab_Mu;diff;1;1;1;15;3;5;24;0.166666667;0.833333333;0.666666667
94_r_Fr;anat;1;1;24;510;58;129;721;0.156862745;0.897887324;0.740638003
94_r_We;diff;1;1;5;0;0;27;32;0.15625;;0.15625
164_m_Ku;anat;1;3;17;323;29;93;462;0.154545455;0.917613636;0.735930736
7_m_Se;diff;1;1;12;17;3;68;100;0.15;0.85;0.29
7_m_Mi;anat;1;3;1;60;9;6;76;0.142857143;0.869565217;0.802631579
7_m_Br;diff;1;1;6;0;0;37;43;0.139534884;;0.139534884
7_r_Se;anat;1;1;3;88;15;19;125;0.136363636;0.854368932;0.728
7_r_Se;anat;2;1;3;99;4;19;125;0.136363636;0.961165049;0.816
7_m_Se;diff;1;3;1;78;14;7;100;0.125;0.847826087;0.79
117_m_Vr;func;2;2;1;12;0;7;20;0.125;1;0.65
117_m_Vr;func;3;2;1;12;0;7;20;0.125;1;0.65
7_m_Br;anat;1;1;3;0;0;21;24;0.125;;0.125
117_m_Ra;anat;1;1;1;276;42;7;326;0.125;0.867924528;0.849693252
117_m_Ra;anat;2;1;1;310;8;7;326;0.125;0.974842767;0.95398773
7_m_St;anat;1;2;1;9;2;7;19;0.125;0.818181818;0.526315789
94_m_Va;anat;1;1;1;47;7;7;62;0.125;0.87037037;0.774193548
94_m_Va;anat;2;1;1;52;2;7;62;0.125;0.962962963;0.85483871
94_m_Va;anat;3;1;1;53;1;7;62;0.125;0.981481481;0.870967742
7_m_Lo;diff;2;2;2;20;0;14;36;0.125;1;0.611111111
94_r_Fr;diff;2;1;3;175;11;21;210;0.125;0.940860215;0.847619048
164_m_Ku;diff;1;2;2;120;13;15;150;0.117647059;0.902255639;0.813333333
164_m_Ku;diff;2;2;2;127;6;15;150;0.117647059;0.954887218;0.86
164_m_Ku;diff;3;2;2;129;4;15;150;0.117647059;0.969924812;0.873333333
7_rab_Mu;anat;2;1;1;15;0;8;24;0.111111111;1;0.666666667
7_rab_Mu;anat;3;1;1;15;0;8;24;0.111111111;1;0.666666667
164_m_Ku;anat;1;1;40;86;6;330;462;0.108108108;0.934782609;0.272727273
7_m_Se;diff;1;2;3;60;12;25;100;0.107142857;0.833333333;0.63
94_m_We;func;1;4;0;88;8;67;171;0.106666667;0.916666667;0.561403509
164_m_Ku;anat;1;2;36;109;10;307;462;0.104956268;0.915966387;0.313852814
94_m_As;func;2;2;1;5;0;9;15;0.1;1;0.4
94_m_As;func;3;2;1;5;0;9;15;0.1;1;0.4
7_m_Mi;anat;2;1;1;64;2;9;76;0.1;0.96969697;0.855263158
7_m_Mi;anat;2;2;1;64;2;9;76;0.1;0.96969697;0.855263158
7_m_Mi;anat;3;1;1;64;2;9;76;0.1;0.96969697;0.855263158
7_m_Mi;anat;3;2;1;64;2;9;76;0.1;0.96969697;0.855263158
94_m_We;func;1;2;18;70;10;165;263;0.098360656;0.875;0.33460076
117c_m_Ri;func;1;1;1;5;2;10;18;0.090909091;0.714285714;0.333333333
164_m_Ku;diff;1;1;2;114;13;21;150;0.086956522;0.897637795;0.773333333
164_m_Ku;diff;2;1;2;121;6;21;150;0.086956522;0.952755906;0.82
164_m_Ku;diff;3;1;2;123;4;21;150;0.086956522;0.968503937;0.833333333
94_m_We;func;1;1;20;17;8;218;263;0.084033613;0.68;0.140684411
7_m_St;anat;2;1;1;7;0;11;19;0.083333333;1;0.421052632
7_m_St;anat;3;1;1;7;0;11;19;0.083333333;1;0.421052632
7_m_Lo;diff;2;1;2;12;0;22;36;0.083333333;1;0.388888889
94_m_We;func;2;3;7;173;3;80;263;0.08045977;0.982954545;0.684410646
94_r_Fr;anat;2;1;12;553;15;141;721;0.078431373;0.973591549;0.783633842
7_r_Se;diff;2;1;1;194;2;12;209;0.076923077;0.989795918;0.933014354
7_r_Se;diff;3;1;1;195;1;12;209;0.076923077;0.994897959;0.937799043
117_m_Ra;func;2;1;2;74;8;26;110;0.071428571;0.902439024;0.690909091
94_m_As;func;2;1;1;1;0;13;15;0.071428571;1;0.133333333
94_m_As;func;3;1;1;1;0;13;15;0.071428571;1;0.133333333
7_m_Lo;anat;1;1;2;82;0;26;110;0.071428571;1;0.763636364
7_m_Lo;anat;2;1;2;82;0;26;110;0.071428571;1;0.763636364
7_m_Se;anat;1;1;2;64;8;26;100;0.071428571;0.888888889;0.66
7_m_Br;diff;2;1;3;0;0;40;43;0.069767442;;0.069767442
94_m_We;func;1;5;0;92;4;70;171;0.066666667;0.958333333;0.567251462
94c_m_As;func;2;1;1;0;1;14;16;0.066666667;0;0.0625
117_m_Vr;func;2;1;1;4;0;15;20;0.0625;1;0.25
117_m_Vr;func;3;1;1;4;0;15;20;0.0625;1;0.25
94c_m_As;diff;2;1;1;0;0;15;16;0.0625;;0.0625
94c_m_As;diff;3;1;1;0;0;15;16;0.0625;;0.0625
94_r_We;diff;2;1;2;0;0;30;32;0.0625;;0.0625
94_m_We;func;2;4;0;108;13;47;171;0.06;0.892561983;0.649122807
94_m_We;func;3;3;5;173;3;82;263;0.057471264;0.982954545;0.676806084
164_m_Ku;anat;1;4;2;382;44;34;462;0.055555556;0.896713615;0.831168831
7_m_Bo;diff;1;1;1;11;6;17;35;0.055555556;0.647058824;0.342857143
7_m_Bo;diff;2;1;1;15;2;17;35;0.055555556;0.882352941;0.457142857
7_m_Bo;diff;3;1;1;16;1;17;35;0.055555556;0.941176471;0.485714286
94_m_Va;diff;1;1;8;30;18;141;197;0.053691275;0.625;0.192893401
94_g_We;func;1;1;5;0;0;100;105;0.047619048;;0.047619048
7_m_Br;diff;1;2;1;17;5;20;43;0.047619048;0.772727273;0.418604651
7_m_Br;diff;2;2;1;20;2;20;43;0.047619048;0.909090909;0.488372093
7_m_Br;diff;3;2;1;21;1;20;43;0.047619048;0.954545455;0.511627907
7_m_Br;diff;4;2;1;21;1;20;43;0.047619048;0.954545455;0.511627907
7_m_Br;diff;5;2;1;21;1;20;43;0.047619048;0.954545455;0.511627907
94_m_Va;diff;1;3;2;130;24;41;197;0.046511628;0.844155844;0.670050761
7_m_Br;diff;3;1;2;0;0;41;43;0.046511628;;0.046511628
7_m_Br;diff;4;1;2;0;0;41;43;0.046511628;;0.046511628
7_m_Br;diff;5;1;2;0;0;41;43;0.046511628;;0.046511628
94_m_We;func;4;3;4;174;2;83;263;0.045977011;0.988636364;0.676806084
94_r_Fr;anat;3;1;7;559;9;146;721;0.045751634;0.98415493;0.785020804
94_m_We;func;2;2;8;78;2;175;263;0.043715847;0.975;0.326996198
94_m_We;func;2;5;0;133;15;22;171;0.043478261;0.898648649;0.783625731
94_m_We;func;3;4;0;140;8;22;171;0.043478261;0.945945946;0.824561404
7_m_Br;anat;2;1;1;0;0;23;24;0.041666667;;0.041666667
7_m_Br;anat;3;1;1;0;0;23;24;0.041666667;;0.041666667
94_r_Fr;diff;3;1;1;181;5;23;210;0.041666667;0.97311828;0.866666667
94_r_Fr;diff;4;1;1;184;2;23;210;0.041666667;0.989247312;0.880952381
94_r_Fr;diff;5;1;1;186;0;23;210;0.041666667;1;0.89047619
164_m_Ku;anat;2;1;14;88;4;356;462;0.037837838;0.956521739;0.220779221
94_m_Va;diff;1;2;3;92;23;79;197;0.036585366;0.8;0.482233503
164_m_Ku;anat;2;3;4;338;14;106;462;0.036363636;0.960227273;0.74025974
117_m_Ra;func;3;1;1;78;4;27;110;0.035714286;0.951219512;0.718181818
7_m_Se;anat;2;1;1;69;3;27;100;0.035714286;0.958333333;0.7
7_m_Se;anat;3;1;1;70;2;27;100;0.035714286;0.972222222;0.71
94_m_We;func;2;1;8;23;2;230;263;0.033613445;0.92;0.117870722
94_m_We;func;3;2;6;78;2;177;263;0.032786885;0.975;0.319391635
94_r_We;diff;3;1;1;0;0;31;32;0.03125;;0.03125
164_m_Ku;anat;2;2;10;111;8;333;462;0.029154519;0.932773109;0.261904762
94_g_We;func;2;1;3;0;0;102;105;0.028571429;;0.028571429
94_g_We;func;3;1;3;0;0;102;105;0.028571429;;0.028571429
94_g_We;func;4;1;3;0;0;102;105;0.028571429;;0.028571429
94_m_We;func;4;2;5;79;1;178;263;0.027322404;0.9875;0.319391635
164_m_Ku;anat;3;3;3;344;8;107;462;0.027272727;0.977272727;0.751082251
94_m_We;func;3;1;6;23;2;232;263;0.025210084;0.92;0.11026616
7_m_Se;diff;2;1;2;18;2;78;100;0.025;0.9;0.2
94_m_Va;diff;2;3;1;149;5;42;197;0.023255814;0.967532468;0.76142132
94_m_We;func;5;3;2;176;0;85;263;0.022988506;1;0.676806084
164_m_Ku;anat;3;1;8;89;3;362;462;0.021621622;0.967391304;0.20995671
94_m_We;func;4;1;5;24;1;233;263;0.021008403;0.96;0.11026616
94_m_We;func;3;5;0;113;8;49;171;0.02;0.933884298;0.666666667
94_r_Fr;anat;4;1;3;566;2;150;721;0.019607843;0.996478873;0.789181692
94_g_We;func;5;1;2;0;0;103;105;0.019047619;;0.019047619
94_r_Fr;anat;1;2;1;583;81;56;721;0.01754386;0.878012048;0.80998613
94_r_Fr;anat;2;2;1;638;26;56;721;0.01754386;0.960843373;0.886269071
94_r_Fr;anat;3;2;1;649;15;56;721;0.01754386;0.977409639;0.901525659
164_m_Ku;anat;3;2;6;114;5;337;462;0.017492711;0.957983193;0.25974026
94_m_We;func;4;4;0;93;3;74;171;0.013333333;0.96875;0.549707602
7_m_Se;diff;3;1;1;20;0;79;100;0.0125;1;0.21
94_m_Va;diff;2;2;1;110;5;81;197;0.012195122;0.956521739;0.563451777
94_m_We;func;5;2;2;80;0;181;263;0.010928962;1;0.311787072
164_m_Ku;anat;4;1;4;91;1;366;462;0.010810811;0.989130435;0.205627706
164_m_Ku;anat;4;3;1;348;4;109;462;0.009090909;0.988636364;0.755411255
94_m_We;func;5;1;2;25;0;236;263;0.008403361;1;0.102661597
94_m_Va;diff;2;1;1;43;5;148;197;0.006711409;0.895833333;0.223350254
164_m_Ku;anat;4;2;2;116;3;341;462;0.005830904;0.974789916;0.255411255
164_m_Ku;anat;5;1;2;91;1;368;462;0.005405405;0.989130435;0.201298701
164_m_Ku;anat;5;2;1;117;2;342;462;0.002915452;0.983193277;0.255411255
117c_m_Ri;diff;2;1;0;5;1;12;18;0;0.833333333;0.277777778
117c_m_Ri;diff;2;2;0;12;1;5;18;0;0.923076923;0.666666667
117c_m_Ri;diff;3;1;0;5;1;12;18;0;0.833333333;0.277777778
117c_m_Ri;diff;3;2;0;12;1;5;18;0;0.923076923;0.666666667
117c_m_Ri;diff;4;1;0;6;0;12;18;0;1;0.333333333
117c_m_Ri;diff;4;2;0;13;0;5;18;0;1;0.722222222
117c_m_Ri;diff;1;3;0;12;3;3;18;0;0.8;0.666666667
117c_m_Ri;diff;5;1;0;6;0;12;18;0;1;0.333333333
117c_m_Ri;diff;5;2;0;13;0;5;18;0;1;0.722222222
117c_m_Ri;diff;2;3;0;14;1;3;18;0;0.933333333;0.777777778
117_m_Ra;diff;1;1;0;15;7;4;26;0;0.681818182;0.576923077
117_m_Ra;diff;1;2;0;16;7;3;26;0;0.695652174;0.615384615
117c_m_Ri;diff;3;3;0;14;1;3;18;0;0.933333333;0.777777778
117c_m_Ri;diff;4;3;0;15;0;3;18;0;1;0.833333333
117c_m_Ri;diff;5;3;0;15;0;3;18;0;1;0.833333333
117_m_Ra;diff;2;1;0;19;3;4;26;0;0.863636364;0.730769231
117_m_Ra;diff;2;2;0;20;3;3;26;0;0.869565217;0.769230769
117_m_Ra;diff;1;3;0;18;7;1;26;0;0.72;0.692307692
117_m_Ra;diff;1;4;0;18;7;1;26;0;0.72;0.692307692
117_m_Ra;diff;2;3;0;22;3;1;26;0;0.88;0.846153846
117_m_Ra;diff;3;1;0;21;1;4;26;0;0.954545455;0.807692308
117_m_Ra;diff;3;2;0;22;1;3;26;0;0.956521739;0.846153846
117_m_Ra;diff;2;4;0;22;3;1;26;0;0.88;0.846153846
117_m_Ra;diff;3;3;0;24;1;1;26;0;0.96;0.923076923
117_m_Ra;diff;3;4;0;24;1;1;26;0;0.96;0.923076923
117_m_Ra;diff;4;1;0;22;0;4;26;0;1;0.846153846
117_m_Ra;diff;4;2;0;23;0;3;26;0;1;0.884615385
117_m_Ra;diff;4;3;0;25;0;1;26;0;1;0.961538462
117_m_Ra;diff;4;4;0;25;0;1;26;0;1;0.961538462
117_m_Ra;diff;5;1;0;22;0;4;26;0;1;0.846153846
117_m_Ra;diff;5;2;0;23;0;3;26;0;1;0.884615385
117_m_Ra;diff;5;3;0;25;0;1;26;0;1;0.961538462
117_m_Ra;diff;5;4;0;25;0;1;26;0;1;0.961538462
117c_m_Ri;func;1;2;0;11;3;4;18;0;0.785714286;0.611111111
117c_m_Ri;func;1;3;0;12;3;3;18;0;0.8;0.666666667
117c_m_Ri;func;2;1;0;6;1;11;18;0;0.857142857;0.333333333
117c_m_Ri;func;2;2;0;13;1;4;18;0;0.928571429;0.722222222
117c_m_Ri;func;2;3;0;14;1;3;18;0;0.933333333;0.777777778
117c_m_Ri;func;3;1;0;7;0;11;18;0;1;0.388888889
117c_m_Ri;func;3;2;0;14;0;4;18;0;1;0.777777778
117c_m_Ri;func;3;3;0;15;0;3;18;0;1;0.833333333
117c_m_Ri;func;4;1;0;7;0;11;18;0;1;0.388888889
117c_m_Ri;func;4;2;0;14;0;4;18;0;1;0.777777778
117c_m_Ri;func;4;3;0;15;0;3;18;0;1;0.833333333
117c_m_Ri;func;5;1;0;7;0;11;18;0;1;0.388888889
164_m_Ku;diff;1;3;0;130;15;5;150;0;0.896551724;0.866666667
164_m_Ku;diff;1;4;0;134;15;1;150;0;0.899328859;0.893333333
164_m_Ku;diff;2;3;0;137;8;5;150;0;0.944827586;0.913333333
164_m_Ku;diff;2;4;0;141;8;1;150;0;0.946308725;0.94
164_m_Ku;diff;3;3;0;139;6;5;150;0;0.95862069;0.926666667
164_m_Ku;diff;3;4;0;143;6;1;150;0;0.959731544;0.953333333
164_m_Ku;diff;4;1;0;125;2;23;150;0;0.984251969;0.833333333
164_m_Ku;diff;4;2;0;131;2;17;150;0;0.984962406;0.873333333
164_m_Ku;diff;4;3;0;143;2;5;150;0;0.986206897;0.953333333
164_m_Ku;diff;4;4;0;147;2;1;150;0;0.986577181;0.98
164_m_Ku;diff;5;1;0;126;1;23;150;0;0.992125984;0.84
164_m_Ku;diff;5;2;0;132;1;17;150;0;0.992481203;0.88
164_m_Ku;diff;5;3;0;144;1;5;150;0;0.993103448;0.96
164_m_Ku;diff;5;4;0;148;1;1;150;0;0.993288591;0.986666667
117_m_Ra;anat;1;3;0;281;43;2;326;0;0.867283951;0.86196319
117_m_Ra;anat;2;3;0;315;9;2;326;0;0.972222222;0.966257669
117_m_Ra;anat;3;3;0;321;3;2;326;0;0.990740741;0.984662577
117_m_Ra;anat;1;2;0;281;43;2;326;0;0.867283951;0.86196319
117_m_Ra;anat;4;3;0;323;1;2;326;0;0.99691358;0.990797546
117_m_Ra;anat;2;2;0;315;9;2;326;0;0.972222222;0.966257669
117_m_Ra;anat;5;3;0;324;0;2;326;0;1;0.993865031
117_m_Ra;anat;3;1;0;315;3;8;326;0;0.990566038;0.966257669
117_m_Ra;anat;3;2;0;321;3;2;326;0;0.990740741;0.984662577
7_h_He;anat;2;3;0;7;1;2;10;0;0.875;0.7
117_m_Ra;anat;4;1;0;317;1;8;326;0;0.996855346;0.972392638
117_m_Ra;anat;4;2;0;323;1;2;326;0;0.99691358;0.990797546
7_h_He;anat;3;3;0;8;0;2;10;0;1;0.8
117_m_Ra;anat;5;1;0;318;0;8;326;0;1;0.975460123
117_m_Ra;anat;5;2;0;324;0;2;326;0;1;0.993865031
7_h_He;anat;4;3;0;8;0;2;10;0;1;0.8
117c_m_Ri;func;5;2;0;14;0;4;18;0;1;0.777777778
117c_m_Ri;func;5;3;0;15;0;3;18;0;1;0.833333333
117_m_Ra;func;1;2;0;81;19;10;110;0;0.81;0.736363636
117_m_Ra;func;1;3;0;86;19;5;110;0;0.819047619;0.781818182
117_m_Ra;func;2;2;0;90;10;10;110;0;0.9;0.818181818
117_m_Ra;func;2;3;0;95;10;5;110;0;0.904761905;0.863636364
117_m_Ra;func;3;2;0;95;5;10;110;0;0.95;0.863636364
117_m_Ra;func;3;3;0;100;5;5;110;0;0.952380952;0.909090909
117_m_Vr;anat;1;1;0;14;3;2;19;0;0.823529412;0.736842105
7_h_He;anat;5;3;0;8;0;2;10;0;1;0.8
117_m_Vr;anat;2;1;0;16;1;2;19;0;0.941176471;0.842105263
7_m_Br;anat;2;3;0;22;1;1;24;0;0.956521739;0.916666667
117_m_Vr;anat;3;1;0;17;0;2;19;0;1;0.894736842
117_m_Vr;anat;4;1;0;17;0;2;19;0;1;0.894736842
117_m_Vr;anat;5;1;0;17;0;2;19;0;1;0.894736842
7_h_He;anat;2;1;0;5;1;4;10;0;0.833333333;0.5
7_h_He;anat;2;2;0;6;1;3;10;0;0.857142857;0.6
7_m_Br;anat;3;3;0;22;1;1;24;0;0.956521739;0.916666667
7_h_He;anat;2;4;0;7;1;2;10;0;0.875;0.7
7_h_He;anat;3;1;0;6;0;4;10;0;1;0.6
7_h_He;anat;3;2;0;7;0;3;10;0;1;0.7
7_m_Bo;diff;1;2;0;21;7;7;35;0;0.75;0.6
7_m_Bo;diff;1;3;0;22;7;6;35;0;0.75862069;0.628571429
7_m_Bo;diff;2;3;0;26;3;6;35;0;0.896551724;0.742857143
7_m_Bo;diff;3;3;0;27;2;6;35;0;0.931034483;0.771428571
7_m_Bo;diff;2;2;0;25;3;7;35;0;0.892857143;0.714285714
7_m_Bo;diff;4;3;0;29;0;6;35;0;1;0.828571429
7_m_Bo;diff;5;3;0;29;0;6;35;0;1;0.828571429
7_m_Br;diff;1;3;0;34;6;3;43;0;0.85;0.790697674
7_m_Bo;diff;3;2;0;26;2;7;35;0;0.928571429;0.742857143
7_m_Br;diff;2;3;0;37;3;3;43;0;0.925;0.860465116
7_m_Br;diff;3;3;0;38;2;3;43;0;0.95;0.88372093
7_m_Br;diff;4;3;0;38;2;3;43;0;0.95;0.88372093
7_m_Bo;diff;4;1;0;17;0;18;35;0;1;0.485714286
7_m_Bo;diff;4;2;0;28;0;7;35;0;1;0.8
7_m_Br;diff;5;3;0;38;2;3;43;0;0.95;0.88372093
7_m_Bo;diff;5;1;0;17;0;18;35;0;1;0.485714286
7_m_Bo;diff;5;2;0;28;0;7;35;0;1;0.8
7_m_Lo;diff;2;4;0;28;2;6;36;0;0.933333333;0.777777778
117_m_Ra;func;4;1;0;79;3;28;110;0;0.963414634;0.718181818
117_m_Ra;func;4;2;0;97;3;10;110;0;0.97;0.881818182
117_m_Ra;func;4;3;0;102;3;5;110;0;0.971428571;0.927272727
117_m_Ra;func;5;1;0;82;0;28;110;0;1;0.745454545
117_m_Ra;func;5;2;0;100;0;10;110;0;1;0.909090909
117_m_Ra;func;5;3;0;105;0;5;110;0;1;0.954545455
117_m_Vr;func;2;4;0;17;1;2;20;0;0.944444444;0.85
117_m_Vr;func;3;4;0;17;1;2;20;0;0.944444444;0.85
7_m_Br;anat;4;3;0;23;0;1;24;0;1;0.958333333
7_h_He;anat;3;4;0;8;0;2;10;0;1;0.8
7_h_He;anat;4;1;0;6;0;4;10;0;1;0.6
7_h_He;anat;4;2;0;7;0;3;10;0;1;0.7
7_m_Br;anat;5;3;0;23;0;1;24;0;1;0.958333333
7_h_He;anat;4;4;0;8;0;2;10;0;1;0.8
7_h_He;anat;5;1;0;6;0;4;10;0;1;0.6
7_h_He;anat;5;2;0;7;0;3;10;0;1;0.7
7_m_Lo;anat;1;3;0;106;2;2;110;0;0.981481481;0.963636364
7_h_He;anat;5;4;0;8;0;2;10;0;1;0.8
7_m_Bo;anat;1;1;0;8;5;10;23;0;0.615384615;0.347826087
7_m_Lo;anat;2;3;0;106;2;2;110;0;0.981481481;0.963636364
7_m_Bo;anat;2;1;0;12;1;10;23;0;0.923076923;0.52173913
7_m_Lo;anat;3;3;0;108;0;2;110;0;1;0.981818182
7_m_Bo;anat;3;1;0;13;0;10;23;0;1;0.565217391
7_m_Bo;anat;4;1;0;13;0;10;23;0;1;0.565217391
7_m_Bo;anat;5;1;0;13;0;10;23;0;1;0.565217391
7_m_Lo;anat;4;3;0;108;0;2;110;0;1;0.981818182
7_m_Lo;anat;5;3;0;108;0;2;110;0;1;0.981818182
7_m_Br;anat;4;1;0;0;0;24;24;0;;0
7_m_Lo;diff;3;3;0;24;0;12;36;0;1;0.666666667
7_m_Lo;diff;3;4;0;30;0;6;36;0;1;0.833333333
7_m_Lo;diff;4;3;0;24;0;12;36;0;1;0.666666667
7_m_Lo;diff;4;4;0;30;0;6;36;0;1;0.833333333
7_m_Lo;diff;5;3;0;24;0;12;36;0;1;0.666666667
7_m_Lo;diff;5;4;0;30;0;6;36;0;1;0.833333333
7_m_Se;diff;2;3;0;88;4;8;100;0;0.956521739;0.88
7_m_Se;diff;3;3;0;91;1;8;100;0;0.989130435;0.91
7_m_Se;diff;4;3;0;92;0;8;100;0;1;0.92
7_m_Se;diff;5;3;0;92;0;8;100;0;1;0.92
7_r_Se;diff;1;3;0;172;36;1;209;0;0.826923077;0.822966507
7_r_Se;diff;2;3;0;205;3;1;209;0;0.985576923;0.980861244
7_r_Se;diff;3;3;0;206;2;1;209;0;0.990384615;0.985645933
7_r_Se;diff;4;3;0;208;0;1;209;0;1;0.995215311
7_r_Se;diff;5;3;0;208;0;1;209;0;1;0.995215311
164_m_Ku;anat;2;4;0;408;18;36;462;0;0.957746479;0.883116883
164_m_Ku;anat;3;4;0;415;11;36;462;0;0.974178404;0.898268398
164_m_Ku;anat;4;4;0;421;5;36;462;0;0.988262911;0.911255411
164_m_Ku;anat;5;3;0;349;3;110;462;0;0.991477273;0.755411255
164_m_Ku;anat;5;4;0;423;3;36;462;0;0.992957746;0.915584416
7_m_Br;anat;4;2;0;19;0;5;24;0;1;0.791666667
7_m_Mi;anat;2;3;0;66;3;7;76;0;0.956521739;0.868421053
7_m_Br;anat;5;1;0;0;0;24;24;0;;0
7_m_Br;anat;5;2;0;19;0;5;24;0;1;0.791666667
94c_m_As;diff;2;3;0;13;1;2;16;0;0.928571429;0.8125
94c_m_As;diff;3;3;0;13;1;2;16;0;0.928571429;0.8125
94c_m_As;diff;4;3;0;14;0;2;16;0;1;0.875
94c_m_As;diff;5;3;0;14;0;2;16;0;1;0.875
94_m_As;diff;1;4;0;9;4;1;14;0;0.692307692;0.642857143
94_m_As;diff;2;3;0;10;2;2;14;0;0.833333333;0.714285714
7_m_Ca;diff;3;1;0;12;0;6;18;0;1;0.666666667
7_m_Ca;diff;4;1;0;12;0;6;18;0;1;0.666666667
7_m_Ca;diff;5;1;0;12;0;6;18;0;1;0.666666667
7_m_Mi;anat;3;3;0;66;3;7;76;0;0.956521739;0.868421053
7_m_Mi;anat;4;3;0;67;2;7;76;0;0.971014493;0.881578947
7_m_Ca;anat;2;1;0;12;0;8;20;0;1;0.6
7_m_Ca;anat;2;2;0;15;0;5;20;0;1;0.75
7_m_Ca;anat;3;1;0;12;0;8;20;0;1;0.6
7_m_Ca;anat;3;2;0;15;0;5;20;0;1;0.75
7_m_Ca;anat;4;1;0;12;0;8;20;0;1;0.6
7_m_Ca;anat;4;2;0;15;0;5;20;0;1;0.75
7_m_Ca;anat;5;1;0;12;0;8;20;0;1;0.6
7_m_Ca;anat;5;2;0;15;0;5;20;0;1;0.75
7_m_Lo;anat;1;2;0;96;2;12;110;0;0.979591837;0.872727273
7_m_Mi;anat;5;3;0;67;2;7;76;0;0.971014493;0.881578947
7_m_Lo;anat;2;2;0;96;2;12;110;0;0.979591837;0.872727273
7_m_St;anat;2;3;0;12;1;6;19;0;0.923076923;0.631578947
7_m_Lo;anat;3;1;0;82;0;28;110;0;1;0.745454545
7_m_Lo;anat;3;2;0;98;0;12;110;0;1;0.890909091
7_m_St;anat;3;3;0;12;1;6;19;0;0.923076923;0.631578947
7_m_Lo;anat;4;1;0;82;0;28;110;0;1;0.745454545
7_m_Lo;anat;4;2;0;98;0;12;110;0;1;0.890909091
94_m_As;diff;2;4;0;11;2;1;14;0;0.846153846;0.785714286
94_m_As;diff;3;3;0;12;0;2;14;0;1;0.857142857
94_m_As;diff;3;4;0;13;0;1;14;0;1;0.928571429
94_m_As;diff;4;3;0;12;0;2;14;0;1;0.857142857
94_m_As;diff;4;4;0;13;0;1;14;0;1;0.928571429
94_m_As;diff;5;3;0;12;0;2;14;0;1;0.857142857
7_m_Lo;diff;3;1;0;12;0;24;36;0;1;0.333333333
7_m_Lo;diff;3;2;0;20;0;16;36;0;1;0.555555556
94_m_As;diff;5;4;0;13;0;1;14;0;1;0.928571429
94_m_Va;diff;1;4;0;150;26;21;197;0;0.852272727;0.76142132
7_m_Lo;diff;4;1;0;12;0;24;36;0;1;0.333333333
7_m_Lo;diff;4;2;0;20;0;16;36;0;1;0.555555556
94_m_Va;diff;2;4;0;170;6;21;197;0;0.965909091;0.862944162
94_m_Va;diff;3;3;0;153;1;43;197;0;0.993506494;0.776649746
7_m_Lo;diff;5;1;0;12;0;24;36;0;1;0.333333333
7_m_Lo;diff;5;2;0;20;0;16;36;0;1;0.555555556
94_m_Va;diff;3;4;0;175;1;21;197;0;0.994318182;0.888324873
94_m_Va;diff;4;3;0;154;0;43;197;0;1;0.781725888
7_m_St;anat;4;3;0;13;0;6;19;0;1;0.684210526
7_m_Lo;anat;5;1;0;82;0;28;110;0;1;0.745454545
7_m_Lo;anat;5;2;0;98;0;12;110;0;1;0.890909091
7_m_St;anat;5;3;0;13;0;6;19;0;1;0.684210526
7_r_Se;anat;3;3;0;119;1;5;125;0;0.991666667;0.952
7_m_Mi;anat;2;4;0;72;3;1;76;0;0.96;0.947368421
7_r_Se;anat;4;3;0;119;1;5;125;0;0.991666667;0.952
7_m_Mi;anat;3;4;0;72;3;1;76;0;0.96;0.947368421
7_m_Mi;anat;4;1;0;64;2;10;76;0;0.96969697;0.842105263
7_m_Mi;anat;4;2;0;64;2;10;76;0;0.96969697;0.842105263
7_r_Se;anat;5;3;0;120;0;5;125;0;1;0.96
7_m_Mi;anat;4;4;0;73;2;1;76;0;0.973333333;0.960526316
7_m_Mi;anat;5;1;0;64;2;10;76;0;0.96969697;0.842105263
7_m_Mi;anat;5;2;0;64;2;10;76;0;0.96969697;0.842105263
94c_m_As;anat;1;3;0;12;3;1;16;0;0.8;0.75
7_m_Mi;anat;5;4;0;73;2;1;76;0;0.973333333;0.960526316
7_m_Se;anat;1;2;0;82;10;8;100;0;0.891304348;0.82
94c_m_As;anat;2;3;0;13;2;1;16;0;0.866666667;0.8125
7_m_Se;anat;2;2;0;88;4;8;100;0;0.956521739;0.88
94c_m_As;anat;3;3;0;15;0;1;16;0;1;0.9375
7_m_Se;anat;3;2;0;89;3;8;100;0;0.967391304;0.89
94c_m_As;anat;4;3;0;15;0;1;16;0;1;0.9375
7_m_Se;anat;4;1;0;72;0;28;100;0;1;0.72
7_m_Se;anat;4;2;0;92;0;8;100;0;1;0.92
7_m_Se;anat;5;1;0;72;0;28;100;0;1;0.72
7_m_Mi;diff;1;1;0;29;5;4;38;0;0.852941176;0.763157895
94_m_Va;diff;4;4;0;176;0;21;197;0;1;0.893401015
94_m_Va;diff;5;3;0;154;0;43;197;0;1;0.781725888
94_m_Va;diff;5;4;0;176;0;21;197;0;1;0.893401015
7_m_Mi;diff;2;1;0;33;1;4;38;0;0.970588235;0.868421053
94_r_We;diff;2;3;0;29;2;1;32;0;0.935483871;0.90625
94_r_We;diff;3;3;0;30;1;1;32;0;0.967741935;0.9375
94_r_We;diff;4;3;0;31;0;1;32;0;1;0.96875
7_m_Mi;diff;3;1;0;33;1;4;38;0;0.970588235;0.868421053
94_r_We;diff;5;3;0;31;0;1;32;0;1;0.96875
7_m_Mi;diff;4;1;0;34;0;4;38;0;1;0.894736842
7_m_Mi;diff;5;1;0;34;0;4;38;0;1;0.894736842
7_m_Se;anat;5;2;0;92;0;8;100;0;1;0.92
7_m_St;anat;2;2;0;10;1;8;19;0;0.909090909;0.526315789
94c_m_As;anat;5;3;0;15;0;1;16;0;1;0.9375
7_m_St;anat;2;4;0;15;1;3;19;0;0.9375;0.789473684
7_m_St;anat;3;2;0;10;1;8;19;0;0.909090909;0.526315789
94_m_Va;anat;1;3;0;53;8;1;62;0;0.868852459;0.85483871
7_m_St;anat;3;4;0;15;1;3;19;0;0.9375;0.789473684
7_m_St;anat;4;1;0;7;0;12;19;0;1;0.368421053
7_m_St;anat;4;2;0;11;0;8;19;0;1;0.578947368
94_m_Va;anat;2;3;0;58;3;1;62;0;0.950819672;0.935483871
7_m_St;anat;4;4;0;16;0;3;19;0;1;0.842105263
7_m_St;anat;5;1;0;7;0;12;19;0;1;0.368421053
7_m_St;anat;5;2;0;11;0;8;19;0;1;0.578947368
94_m_Va;anat;3;3;0;59;2;1;62;0;0.967213115;0.951612903
7_m_St;anat;5;4;0;16;0;3;19;0;1;0.842105263
94_m_Va;anat;4;3;0;61;0;1;62;0;1;0.983870968
7_rab_Mu;anat;2;2;0;19;1;4;24;0;0.95;0.791666667
94_m_Va;anat;5;3;0;61;0;1;62;0;1;0.983870968
7_rab_Mu;anat;3;2;0;19;1;4;24;0;0.95;0.791666667
7_m_Se;diff;2;2;0;68;4;28;100;0;0.944444444;0.68
7_m_Se;diff;3;2;0;71;1;28;100;0;0.986111111;0.71
7_m_Se;diff;4;1;0;20;0;80;100;0;1;0.2
7_m_Se;diff;4;2;0;72;0;28;100;0;1;0.72
7_m_Se;diff;5;1;0;20;0;80;100;0;1;0.2
7_m_Se;diff;5;2;0;72;0;28;100;0;1;0.72
94_m_We;func;4;5;0;144;4;23;171;0;0.972972973;0.842105263
7_rab_Mu;anat;4;1;0;15;0;9;24;0;1;0.625
7_rab_Mu;anat;4;2;0;20;0;4;24;0;1;0.833333333
7_rab_Mu;anat;5;1;0;15;0;9;24;0;1;0.625
7_rab_Mu;anat;5;2;0;20;0;4;24;0;1;0.833333333
7_r_Se;anat;3;1;0;102;1;22;125;0;0.990291262;0.816
7_r_Se;anat;3;2;0;116;1;8;125;0;0.991452991;0.928
94_m_We;func;5;4;0;148;0;23;171;0;1;0.865497076
7_r_Se;anat;3;4;0;122;1;2;125;0;0.991869919;0.976
7_r_Se;anat;4;1;0;102;1;22;125;0;0.990291262;0.816
7_r_Se;anat;4;2;0;116;1;8;125;0;0.991452991;0.928
94_m_We;func;5;5;0;148;0;23;171;0;1;0.865497076
7_r_Se;anat;4;4;0;122;1;2;125;0;0.991869919;0.976
7_r_Se;anat;5;1;0;103;0;22;125;0;1;0.824
7_r_Se;anat;5;2;0;117;0;8;125;0;1;0.936
94_r_Fr;anat;1;3;0;636;82;3;721;0;0.885793872;0.882108183
7_r_Se;anat;5;4;0;123;0;2;125;0;1;0.984
7_r_So;anat;1;1;0;17;4;4;25;0;0.80952381;0.68
7_r_So;anat;1;2;0;20;4;1;25;0;0.833333333;0.8
94_r_Fr;anat;2;3;0;691;27;3;721;0;0.962395543;0.958391123
7_r_So;anat;2;1;0;19;2;4;25;0;0.904761905;0.76
7_r_So;anat;2;2;0;22;2;1;25;0;0.916666667;0.88
94_r_Fr;anat;3;3;0;702;16;3;721;0;0.977715877;0.973647712
7_r_So;anat;3;1;0;21;0;4;25;0;1;0.84
7_r_So;anat;3;2;0;24;0;1;25;0;1;0.96
7_r_So;anat;4;1;0;21;0;4;25;0;1;0.84
7_r_So;anat;4;2;0;24;0;1;25;0;1;0.96
7_r_So;anat;5;1;0;21;0;4;25;0;1;0.84
7_r_So;anat;5;2;0;24;0;1;25;0;1;0.96
94c_m_As;anat;1;1;0;10;3;3;16;0;0.769230769;0.625
94c_m_As;anat;1;2;0;12;3;1;16;0;0.8;0.75
94_r_Fr;anat;4;3;0;713;5;3;721;0;0.993036212;0.9889043
94c_m_As;anat;2;1;0;11;2;3;16;0;0.846153846;0.6875
94c_m_As;anat;2;2;0;13;2;1;16;0;0.866666667;0.8125
94_r_Fr;anat;5;3;0;717;1;3;721;0;0.998607242;0.99445215
94c_m_As;anat;3;1;0;13;0;3;16;0;1;0.8125
94c_m_As;anat;3;2;0;15;0;1;16;0;1;0.9375
94c_m_As;anat;4;1;0;13;0;3;16;0;1;0.8125
94c_m_As;anat;4;2;0;15;0;1;16;0;1;0.9375
94c_m_As;anat;5;1;0;13;0;3;16;0;1;0.8125
94c_m_As;anat;5;2;0;15;0;1;16;0;1;0.9375
94_g_We;anat;1;1;0;42;7;11;60;0;0.857142857;0.7
7_rab_Mu;diff;1;2;0;19;4;1;24;0;0.826086957;0.791666667
7_rab_Mu;diff;2;1;0;16;2;6;24;0;0.888888889;0.666666667
7_rab_Mu;diff;2;2;0;21;2;1;24;0;0.913043478;0.875
7_rab_Mu;diff;3;1;0;16;2;6;24;0;0.888888889;0.666666667
7_rab_Mu;diff;3;2;0;21;2;1;24;0;0.913043478;0.875
7_rab_Mu;diff;4;1;0;17;1;6;24;0;0.944444444;0.708333333
7_rab_Mu;diff;4;2;0;22;1;1;24;0;0.956521739;0.916666667
7_rab_Mu;diff;5;1;0;18;0;6;24;0;1;0.75
7_rab_Mu;diff;5;2;0;23;0;1;24;0;1;0.958333333
94_g_We;anat;1;2;0;50;7;3;60;0;0.877192982;0.833333333
94_g_We;anat;2;1;0;46;3;11;60;0;0.93877551;0.766666667
94_g_We;anat;2;2;0;54;3;3;60;0;0.947368421;0.9
94_g_We;anat;3;1;0;49;0;11;60;0;1;0.816666667
94_g_We;anat;3;2;0;57;0;3;60;0;1;0.95
94_g_We;anat;4;1;0;49;0;11;60;0;1;0.816666667
94_g_We;anat;4;2;0;57;0;3;60;0;1;0.95
94_g_We;anat;5;1;0;49;0;11;60;0;1;0.816666667
94_g_We;anat;5;2;0;57;0;3;60;0;1;0.95
94_m_As;anat;2;1;0;13;1;1;15;0;0.928571429;0.866666667
94_m_As;anat;3;1;0;13;1;1;15;0;0.928571429;0.866666667
94_m_As;anat;4;1;0;14;0;1;15;0;1;0.933333333
94_m_As;anat;5;1;0;14;0;1;15;0;1;0.933333333
94_m_Rei;anat;1;2;0;5;3;2;10;0;0.625;0.5
94_m_Rei;anat;2;1;0;1;1;8;10;0;0.5;0.1
94_m_Rei;anat;2;2;0;7;1;2;10;0;0.875;0.7
94_m_Rei;anat;3;1;0;2;0;8;10;0;1;0.2
94_m_Rei;anat;3;2;0;8;0;2;10;0;1;0.8
94_m_Rei;anat;4;1;0;2;0;8;10;0;1;0.2
94_m_Rei;anat;4;2;0;8;0;2;10;0;1;0.8
94_m_Rei;anat;5;1;0;2;0;8;10;0;1;0.2
94_m_Rei;anat;5;2;0;8;0;2;10;0;1;0.8
94_m_Va;anat;1;2;0;51;8;3;62;0;0.86440678;0.822580645
94_m_Va;anat;1;4;0;53;8;1;62;0;0.868852459;0.85483871
7_r_Se;diff;1;2;0;170;36;3;209;0;0.825242718;0.813397129
7_r_Se;diff;2;2;0;203;3;3;209;0;0.985436893;0.971291866
7_r_Se;diff;3;2;0;204;2;3;209;0;0.990291262;0.976076555
7_r_Se;diff;4;1;0;196;0;13;209;0;1;0.937799043
7_r_Se;diff;4;2;0;206;0;3;209;0;1;0.985645933
7_r_Se;diff;5;1;0;196;0;13;209;0;1;0.937799043
7_r_Se;diff;5;2;0;206;0;3;209;0;1;0.985645933
94_m_Va;anat;2;2;0;56;3;3;62;0;0.949152542;0.903225806
94_m_Va;anat;2;4;0;58;3;1;62;0;0.950819672;0.935483871
94_m_Va;anat;3;2;0;57;2;3;62;0;0.966101695;0.919354839
94_m_Va;anat;3;4;0;59;2;1;62;0;0.967213115;0.951612903
94_m_Va;anat;4;1;0;54;0;8;62;0;1;0.870967742
94_m_Va;anat;4;2;0;59;0;3;62;0;1;0.951612903
94_m_Va;anat;4;4;0;61;0;1;62;0;1;0.983870968
94_m_Va;anat;5;1;0;54;0;8;62;0;1;0.870967742
94_m_Va;anat;5;2;0;59;0;3;62;0;1;0.951612903
94_m_Va;anat;5;4;0;61;0;1;62;0;1;0.983870968
94_m_We;diff;1;1;0;150;16;5;171;0;0.903614458;0.877192982
94_m_We;diff;1;2;0;157;9;5;171;0;0.945783133;0.918128655
94_m_We;diff;2;1;0;117;4;50;171;0;0.966942149;0.684210526
94_m_We;diff;2;2;0;162;4;5;171;0;0.975903614;0.947368421
94_m_We;diff;1;3;0;96;0;75;171;0;1;0.561403509
94_m_We;diff;3;1;0;121;0;50;171;0;1;0.707602339
117_m_Vr;func;4;1;0;4;0;16;20;0;1;0.2
117_m_Vr;func;4;2;0;12;0;8;20;0;1;0.6
117_m_Vr;func;4;3;0;15;0;5;20;0;1;0.75
117_m_Vr;func;4;4;0;18;0;2;20;0;1;0.9
117_m_Vr;func;5;1;0;4;0;16;20;0;1;0.2
117_m_Vr;func;5;2;0;12;0;8;20;0;1;0.6
117_m_Vr;func;5;3;0;15;0;5;20;0;1;0.75
117_m_Vr;func;5;4;0;18;0;2;20;0;1;0.9
7_h_He;func;2;1;0;6;0;4;10;0;1;0.6
7_h_He;func;2;2;0;7;0;3;10;0;1;0.7
7_h_He;func;3;1;0;6;0;4;10;0;1;0.6
7_h_He;func;3;2;0;7;0;3;10;0;1;0.7
7_h_He;func;4;1;0;6;0;4;10;0;1;0.6
7_h_He;func;4;2;0;7;0;3;10;0;1;0.7
7_h_He;func;5;1;0;6;0;4;10;0;1;0.6
7_h_He;func;5;2;0;7;0;3;10;0;1;0.7
7_m_Bo;func;2;1;0;3;0;2;5;0;1;0.6
7_m_Bo;func;2;2;0;4;0;1;5;0;1;0.8
94_m_We;diff;3;2;0;166;0;5;171;0;1;0.970760234
94_m_We;diff;1;4;0;96;0;75;171;0;1;0.561403509
94_m_We;diff;1;5;0;121;0;50;171;0;1;0.707602339
94_m_We;diff;2;3;0;166;0;5;171;0;1;0.970760234
94_r_Fr;anat;4;2;0;659;5;57;721;0;0.99246988;0.914008322
94_r_Fr;anat;5;1;0;567;1;153;721;0;0.998239437;0.786407767
94_r_Fr;anat;5;2;0;663;1;57;721;0;0.998493976;0.919556172
94_r_We;anat;3;1;0;91;3;9;103;0;0.968085106;0.883495146
94_r_We;anat;4;1;0;93;1;9;103;0;0.989361702;0.902912621
94_r_We;anat;5;1;0;93;1;9;103;0;0.989361702;0.902912621
94c_m_As;diff;2;2;0;11;1;4;16;0;0.916666667;0.6875
94c_m_As;diff;3;2;0;11;1;4;16;0;0.916666667;0.6875
94c_m_As;diff;4;1;0;0;0;16;16;0;;0
94c_m_As;diff;4;2;0;12;0;4;16;0;1;0.75
94c_m_As;diff;5;1;0;0;0;16;16;0;;0
94c_m_As;diff;5;2;0;12;0;4;16;0;1;0.75
7_m_Bo;func;3;1;0;3;0;2;5;0;1;0.6
7_m_Bo;func;3;2;0;4;0;1;5;0;1;0.8
7_m_Bo;func;4;1;0;3;0;2;5;0;1;0.6
7_m_Bo;func;4;2;0;4;0;1;5;0;1;0.8
7_m_Bo;func;5;1;0;3;0;2;5;0;1;0.6
7_m_Bo;func;5;2;0;4;0;1;5;0;1;0.8
7_r_So;func;1;1;0;16;3;5;24;0;0.842105263;0.666666667
7_r_So;func;1;2;0;19;3;2;24;0;0.863636364;0.791666667
7_r_So;func;1;3;0;20;3;1;24;0;0.869565217;0.833333333
7_r_So;func;2;1;0;17;2;5;24;0;0.894736842;0.708333333
7_r_So;func;2;2;0;20;2;2;24;0;0.909090909;0.833333333
7_r_So;func;2;3;0;21;2;1;24;0;0.913043478;0.875
7_r_So;func;3;1;0;18;1;5;24;0;0.947368421;0.75
7_r_So;func;3;2;0;21;1;2;24;0;0.954545455;0.875
7_r_So;func;3;3;0;22;1;1;24;0;0.956521739;0.916666667
7_r_So;func;4;1;0;18;1;5;24;0;0.947368421;0.75
7_r_So;func;4;2;0;21;1;2;24;0;0.954545455;0.875
7_r_So;func;4;3;0;22;1;1;24;0;0.956521739;0.916666667
7_r_So;func;5;1;0;18;1;5;24;0;0.947368421;0.75
7_r_So;func;5;2;0;21;1;2;24;0;0.954545455;0.875
7_r_So;func;5;3;0;22;1;1;24;0;0.956521739;0.916666667
94c_m_As;func;1;3;0;11;4;1;16;0;0.733333333;0.6875
94c_m_As;func;2;3;0;13;2;1;16;0;0.866666667;0.8125
94c_m_As;func;3;1;0;0;1;15;16;0;0;0
94c_m_As;func;3;2;0;10;1;5;16;0;0.909090909;0.625
94c_m_As;func;3;3;0;14;1;1;16;0;0.933333333;0.875
94c_m_As;func;4;1;0;1;0;15;16;0;1;0.0625
94c_m_As;func;4;2;0;11;0;5;16;0;1;0.6875
94c_m_As;func;4;3;0;15;0;1;16;0;1;0.9375
94c_m_As;func;5;1;0;1;0;15;16;0;1;0.0625
94_m_As;diff;2;1;0;7;2;5;14;0;0.777777778;0.5
94_m_As;diff;2;2;0;9;2;3;14;0;0.818181818;0.642857143
94_m_As;diff;3;1;0;9;0;5;14;0;1;0.642857143
94_m_As;diff;3;2;0;11;0;3;14;0;1;0.785714286
94_m_As;diff;4;1;0;9;0;5;14;0;1;0.642857143
94_m_As;diff;4;2;0;11;0;3;14;0;1;0.785714286
94_m_As;diff;5;1;0;9;0;5;14;0;1;0.642857143
94_m_As;diff;5;2;0;11;0;3;14;0;1;0.785714286
94c_m_As;func;5;2;0;11;0;5;16;0;1;0.6875
94c_m_As;func;5;3;0;15;0;1;16;0;1;0.9375
94_g_We;func;1;2;0;79;5;21;105;0;0.94047619;0.752380952
94_g_We;func;1;3;0;99;5;1;105;0;0.951923077;0.942857143
94_g_We;func;1;4;0;99;5;1;105;0;0.951923077;0.942857143
94_g_We;func;2;2;0;81;3;21;105;0;0.964285714;0.771428571
94_g_We;func;2;3;0;101;3;1;105;0;0.971153846;0.961904762
94_g_We;func;2;4;0;101;3;1;105;0;0.971153846;0.961904762
94_g_We;func;3;2;0;81;3;21;105;0;0.964285714;0.771428571
94_g_We;func;3;3;0;101;3;1;105;0;0.971153846;0.961904762
94_g_We;func;3;4;0;101;3;1;105;0;0.971153846;0.961904762
94_g_We;func;4;2;0;81;3;21;105;0;0.964285714;0.771428571
94_g_We;func;4;3;0;101;3;1;105;0;0.971153846;0.961904762
94_g_We;func;4;4;0;101;3;1;105;0;0.971153846;0.961904762
94_g_We;func;5;2;0;82;2;21;105;0;0.976190476;0.780952381
94_g_We;func;5;3;0;102;2;1;105;0;0.980769231;0.971428571
94_g_We;func;5;4;0;102;2;1;105;0;0.980769231;0.971428571
94_m_As;func;1;4;0;11;3;1;15;0;0.785714286;0.733333333
94_m_Va;diff;3;1;0;47;1;149;197;0;0.979166667;0.23857868
94_m_Va;diff;3;2;0;114;1;82;197;0;0.991304348;0.578680203
94_m_Va;diff;4;1;0;48;0;149;197;0;1;0.243654822
94_m_Va;diff;4;2;0;115;0;82;197;0;1;0.583756345
94_m_Va;diff;5;1;0;48;0;149;197;0;1;0.243654822
94_m_Va;diff;5;2;0;115;0;82;197;0;1;0.583756345
94_m_We;diff;4;1;0;6;3;1;10;0;0.666666667;0.6
94_m_We;diff;2;4;0;8;1;1;10;0;0.888888889;0.8
94_m_We;diff;3;4;0;8;1;1;10;0;0.888888889;0.8
94_m_We;diff;5;1;0;9;0;1;10;0;1;0.9
94_m_We;diff;2;5;0;9;0;1;10;0;1;0.9
94_m_We;diff;3;3;0;232;28;3;263;0;0.892307692;0.882129278
94_m_We;diff;3;5;0;250;10;3;263;0;0.961538462;0.950570342
94_m_We;anat;1;3;1;252;8;3;263;0;0.969230769;0.958174905
94_m_We;anat;2;3;1;254;6;3;263;0;0.976923077;0.965779468
94_m_We;anat;2;2;1;258;2;3;263;0;0.992307692;0.980988593
94_m_As;func;2;3;0;9;1;5;15;0;0.9;0.6
94_m_As;func;2;4;0;13;1;1;15;0;0.928571429;0.866666667
94_m_As;func;3;3;0;9;1;5;15;0;0.9;0.6
94_m_As;func;3;4;0;13;1;1;15;0;0.928571429;0.866666667
94_m_As;func;4;1;0;1;0;14;15;0;1;0.066666667
94_m_As;func;4;2;0;5;0;10;15;0;1;0.333333333
94_m_As;func;4;3;0;10;0;5;15;0;1;0.666666667
94_m_As;func;4;4;0;14;0;1;15;0;1;0.933333333
94_m_As;func;5;1;0;1;0;14;15;0;1;0.066666667
94_m_As;func;5;2;0;5;0;10;15;0;1;0.333333333
94_m_As;func;5;3;0;10;0;5;15;0;1;0.666666667
94_m_As;func;5;4;0;14;0;1;15;0;1;0.933333333
94_r_We;diff;2;2;0;19;2;11;32;0;0.904761905;0.59375
94_r_We;diff;3;2;0;20;1;11;32;0;0.952380952;0.625
94_r_We;diff;4;1;0;0;0;32;32;0;;0
94_r_We;diff;4;2;0;21;0;11;32;0;1;0.65625
94_r_We;diff;5;1;0;0;0;32;32;0;;0
94_r_We;diff;5;2;0;21;0;11;32;0;1;0.65625
94_r_We;func;1;1;0;68;10;15;93;0;0.871794872;0.731182796
94_r_We;func;1;2;0;82;10;1;93;0;0.891304348;0.88172043
94_r_We;func;2;1;0;72;6;15;93;0;0.923076923;0.774193548
94_r_We;func;2;2;0;86;6;1;93;0;0.934782609;0.924731183
94_r_We;func;3;1;0;75;3;15;93;0;0.961538462;0.806451613
94_r_We;func;3;2;0;89;3;1;93;0;0.967391304;0.956989247
94_r_We;func;4;1;0;77;1;15;93;0;0.987179487;0.827956989
94_r_We;func;4;2;0;91;1;1;93;0;0.989130435;0.978494624
94_r_We;func;5;1;0;77;1;15;93;0;0.987179487;0.827956989
94_r_We;func;5;2;0;91;1;1;93;0;0.989130435;0.978494624
117c_m_Ri;func;1;4;0;15;3;0;18;;0.833333333;0.833333333
117c_m_Ri;func;1;5;0;15;3;0;18;;0.833333333;0.833333333
117c_m_Ri;func;2;4;0;17;1;0;18;;0.944444444;0.944444444
117c_m_Ri;func;2;5;0;17;1;0;18;;0.944444444;0.944444444
164_m_Ku;diff;1;5;0;135;15;0;150;;0.9;0.9
164_m_Ku;diff;2;5;0;142;8;0;150;;0.946666667;0.946666667
164_m_Ku;diff;3;5;0;144;6;0;150;;0.96;0.96
164_m_Ku;diff;4;5;0;148;2;0;150;;0.986666667;0.986666667
164_m_Ku;diff;5;5;0;149;1;0;150;;0.993333333;0.993333333
117_m_Ra;func;1;4;0;91;19;0;110;;0.827272727;0.827272727
117_m_Ra;func;1;5;0;91;19;0;110;;0.827272727;0.827272727
117_m_Ra;func;2;4;0;100;10;0;110;;0.909090909;0.909090909
117_m_Ra;func;2;5;0;100;10;0;110;;0.909090909;0.909090909
117_m_Ra;func;3;4;0;105;5;0;110;;0.954545455;0.954545455
117_m_Ra;func;3;5;0;105;5;0;110;;0.954545455;0.954545455
117_m_Ra;func;4;4;0;107;3;0;110;;0.972727273;0.972727273
117_m_Ra;func;4;5;0;107;3;0;110;;0.972727273;0.972727273
117_m_Vr;func;1;5;0;17;3;0;20;;0.85;0.85
117_m_Vr;func;2;5;0;19;1;0;20;;0.95;0.95
164_m_Ku;anat;1;5;0;416;46;0;462;;0.9004329;0.9004329
164_m_Ku;anat;2;5;0;444;18;0;462;;0.961038961;0.961038961
164_m_Ku;anat;3;5;0;451;11;0;462;;0.976190476;0.976190476
164_m_Ku;anat;4;5;0;457;5;0;462;;0.989177489;0.989177489
164_m_Ku;anat;5;5;0;459;3;0;462;;0.993506494;0.993506494
7_m_Ca;diff;1;2;0;13;5;0;18;;0.722222222;0.722222222
7_m_Ca;diff;2;2;0;17;1;0;18;;0.944444444;0.944444444
7_m_Mi;diff;1;2;0;33;5;0;38;;0.868421053;0.868421053
7_m_Mi;diff;2;2;0;37;1;0;38;;0.973684211;0.973684211
7_m_Mi;diff;3;2;0;37;1;0;38;;0.973684211;0.973684211
117c_m_Ri;diff;1;4;0;15;3;0;18;;0.833333333;0.833333333
117c_m_Ri;diff;1;5;0;15;3;0;18;;0.833333333;0.833333333
117c_m_Ri;diff;2;4;0;17;1;0;18;;0.944444444;0.944444444
117c_m_Ri;diff;2;5;0;17;1;0;18;;0.944444444;0.944444444
117c_m_Ri;diff;3;4;0;17;1;0;18;;0.944444444;0.944444444
117c_m_Ri;diff;3;5;0;17;1;0;18;;0.944444444;0.944444444
117_m_Ra;diff;1;5;0;19;7;0;26;;0.730769231;0.730769231
117_m_Ra;diff;2;5;0;23;3;0;26;;0.884615385;0.884615385
117_m_Ra;diff;3;5;0;25;1;0;26;;0.961538462;0.961538462
7_m_Bo;diff;1;4;0;28;7;0;35;;0.8;0.8
7_m_Bo;diff;1;5;0;28;7;0;35;;0.8;0.8
7_m_Bo;diff;2;4;0;32;3;0;35;;0.914285714;0.914285714
7_m_Bo;diff;2;5;0;32;3;0;35;;0.914285714;0.914285714
7_m_St;diff;1;1;0;1;3;0;4;;0.25;0.25
7_m_St;diff;1;2;0;1;3;0;4;;0.25;0.25
7_m_Bo;diff;3;4;0;33;2;0;35;;0.942857143;0.942857143
7_m_Bo;diff;3;5;0;33;2;0;35;;0.942857143;0.942857143
7_m_Br;diff;1;4;0;37;6;0;43;;0.860465116;0.860465116
7_m_St;diff;2;1;0;3;1;0;4;;0.75;0.75
7_m_St;diff;2;2;0;3;1;0;4;;0.75;0.75
7_m_Br;diff;1;5;0;37;6;0;43;;0.860465116;0.860465116
7_m_Br;diff;2;4;0;40;3;0;43;;0.930232558;0.930232558
7_m_Br;diff;2;5;0;40;3;0;43;;0.930232558;0.930232558
7_m_St;diff;3;1;0;3;1;0;4;;0.75;0.75
7_m_St;diff;3;2;0;3;1;0;4;;0.75;0.75
7_m_Br;diff;3;4;0;41;2;0;43;;0.953488372;0.953488372
7_m_Br;diff;3;5;0;41;2;0;43;;0.953488372;0.953488372
7_m_Br;diff;4;4;0;41;2;0;43;;0.953488372;0.953488372
7_m_Br;diff;4;5;0;41;2;0;43;;0.953488372;0.953488372
7_m_Br;diff;5;4;0;41;2;0;43;;0.953488372;0.953488372
7_m_Br;diff;5;5;0;41;2;0;43;;0.953488372;0.953488372
7_m_Ca;diff;1;3;0;13;5;0;18;;0.722222222;0.722222222
7_m_Ca;diff;1;4;0;13;5;0;18;;0.722222222;0.722222222
7_m_Ca;diff;1;5;0;13;5;0;18;;0.722222222;0.722222222
7_m_Ca;diff;2;3;0;17;1;0;18;;0.944444444;0.944444444
7_m_Ca;diff;2;4;0;17;1;0;18;;0.944444444;0.944444444
7_m_Ca;diff;2;5;0;17;1;0;18;;0.944444444;0.944444444
7_m_Lo;diff;1;5;0;26;10;0;36;;0.722222222;0.722222222
7_m_Lo;diff;2;5;0;34;2;0;36;;0.944444444;0.944444444
7_m_Mi;diff;1;3;0;33;5;0;38;;0.868421053;0.868421053
7_m_Mi;diff;1;4;0;33;5;0;38;;0.868421053;0.868421053
7_m_Mi;diff;1;5;0;33;5;0;38;;0.868421053;0.868421053
7_m_Mi;diff;2;3;0;37;1;0;38;;0.973684211;0.973684211
7_m_Mi;diff;2;4;0;37;1;0;38;;0.973684211;0.973684211
7_m_Mi;diff;2;5;0;37;1;0;38;;0.973684211;0.973684211
7_m_Mi;diff;3;3;0;37;1;0;38;;0.973684211;0.973684211
7_m_Mi;diff;3;4;0;37;1;0;38;;0.973684211;0.973684211
7_m_Mi;diff;3;5;0;37;1;0;38;;0.973684211;0.973684211
7_m_Se;diff;1;4;0;85;15;0;100;;0.85;0.85
7_m_Se;diff;1;5;0;85;15;0;100;;0.85;0.85
7_m_Se;diff;2;4;0;96;4;0;100;;0.96;0.96
117_m_Vr;func;3;5;0;19;1;0;20;;0.95;0.95
7_h_He;func;1;3;0;7;3;0;10;;0.7;0.7
7_h_He;func;1;4;0;7;3;0;10;;0.7;0.7
7_h_He;func;1;5;0;7;3;0;10;;0.7;0.7
7_m_Bo;func;1;3;0;2;3;0;5;;0.4;0.4
7_m_Bo;func;1;4;0;2;3;0;5;;0.4;0.4
7_m_Bo;func;1;5;0;2;3;0;5;;0.4;0.4
117c_m_Ri;anat;1;1;0;65;7;0;72;;0.902777778;0.902777778
117c_m_Ri;anat;1;2;0;65;7;0;72;;0.902777778;0.902777778
117c_m_Ri;anat;1;4;0;65;7;0;72;;0.902777778;0.902777778
117c_m_Ri;anat;1;5;0;65;7;0;72;;0.902777778;0.902777778
117c_m_Ri;anat;2;1;0;69;3;0;72;;0.958333333;0.958333333
117c_m_Ri;anat;2;2;0;69;3;0;72;;0.958333333;0.958333333
117c_m_Ri;anat;2;4;0;69;3;0;72;;0.958333333;0.958333333
117c_m_Ri;anat;2;5;0;69;3;0;72;;0.958333333;0.958333333
117c_m_Ri;anat;3;1;0;70;2;0;72;;0.972222222;0.972222222
7_m_Se;diff;2;5;0;96;4;0;100;;0.96;0.96
7_m_Se;diff;3;4;0;99;1;0;100;;0.99;0.99
7_m_Se;diff;3;5;0;99;1;0;100;;0.99;0.99
7_m_St;diff;1;3;0;1;3;0;4;;0.25;0.25
7_m_St;diff;1;4;0;1;3;0;4;;0.25;0.25
7_m_St;diff;1;5;0;1;3;0;4;;0.25;0.25
7_m_St;diff;2;3;0;3;1;0;4;;0.75;0.75
7_m_St;diff;2;4;0;3;1;0;4;;0.75;0.75
7_m_St;diff;2;5;0;3;1;0;4;;0.75;0.75
7_m_St;diff;3;3;0;3;1;0;4;;0.75;0.75
7_m_St;diff;3;4;0;3;1;0;4;;0.75;0.75
7_r_So;func;1;4;0;21;3;0;24;;0.875;0.875
7_r_So;func;1;5;0;21;3;0;24;;0.875;0.875
7_r_So;func;2;4;0;22;2;0;24;;0.916666667;0.916666667
7_r_So;func;2;5;0;22;2;0;24;;0.916666667;0.916666667
7_r_So;func;3;4;0;23;1;0;24;;0.958333333;0.958333333
7_r_So;func;3;5;0;23;1;0;24;;0.958333333;0.958333333
117c_m_Ri;anat;3;2;0;70;2;0;72;;0.972222222;0.972222222
117c_m_Ri;anat;3;4;0;70;2;0;72;;0.972222222;0.972222222
117c_m_Ri;anat;3;5;0;70;2;0;72;;0.972222222;0.972222222
117_m_Ra;anat;1;4;0;283;43;0;326;;0.86809816;0.86809816
117_m_Ra;anat;1;5;0;283;43;0;326;;0.86809816;0.86809816
117_m_Ra;anat;2;4;0;317;9;0;326;;0.972392638;0.972392638
117_m_Ra;anat;2;5;0;317;9;0;326;;0.972392638;0.972392638
117_m_Ra;anat;3;4;0;323;3;0;326;;0.990797546;0.990797546
117_m_Ra;anat;3;5;0;323;3;0;326;;0.990797546;0.990797546
117_m_Ra;anat;4;4;0;325;1;0;326;;0.996932515;0.996932515
117_m_Ra;anat;4;5;0;325;1;0;326;;0.996932515;0.996932515
117_m_Vr;anat;1;2;0;16;3;0;19;;0.842105263;0.842105263
117_m_Vr;anat;1;4;0;16;3;0;19;;0.842105263;0.842105263
117_m_Vr;anat;1;5;0;16;3;0;19;;0.842105263;0.842105263
117_m_Vr;anat;2;2;0;18;1;0;19;;0.947368421;0.947368421
117_m_Vr;anat;2;4;0;18;1;0;19;;0.947368421;0.947368421
7_r_So;func;4;4;0;23;1;0;24;;0.958333333;0.958333333
7_r_So;func;4;5;0;23;1;0;24;;0.958333333;0.958333333
7_r_So;func;5;4;0;23;1;0;24;;0.958333333;0.958333333
7_r_So;func;5;5;0;23;1;0;24;;0.958333333;0.958333333
94c_m_As;func;1;4;0;12;4;0;16;;0.75;0.75
94c_m_As;func;1;5;0;12;4;0;16;;0.75;0.75
94c_m_As;func;2;4;0;14;2;0;16;;0.875;0.875
94c_m_As;func;2;5;0;14;2;0;16;;0.875;0.875
94c_m_As;func;3;4;0;15;1;0;16;;0.9375;0.9375
94c_m_As;func;3;5;0;15;1;0;16;;0.9375;0.9375
117_m_Vr;anat;2;5;0;18;1;0;19;;0.947368421;0.947368421
7_h_He;anat;1;5;0;6;4;0;10;;0.6;0.6
7_h_He;anat;2;5;0;9;1;0;10;;0.9;0.9
7_m_Bo;anat;1;2;0;18;5;0;23;;0.782608696;0.782608696
7_m_Bo;anat;1;4;0;18;5;0;23;;0.782608696;0.782608696
7_m_Bo;anat;1;5;0;18;5;0;23;;0.782608696;0.782608696
7_m_Bo;anat;2;2;0;22;1;0;23;;0.956521739;0.956521739
7_m_Bo;anat;2;4;0;22;1;0;23;;0.956521739;0.956521739
7_m_Bo;anat;2;5;0;22;1;0;23;;0.956521739;0.956521739
7_m_Br;anat;1;4;0;21;3;0;24;;0.875;0.875
7_m_Br;anat;1;5;0;21;3;0;24;;0.875;0.875
7_m_Br;anat;2;4;0;23;1;0;24;;0.958333333;0.958333333
7_m_Br;anat;2;5;0;23;1;0;24;;0.958333333;0.958333333
7_m_Br;anat;3;4;0;23;1;0;24;;0.958333333;0.958333333
7_m_Br;anat;3;5;0;23;1;0;24;;0.958333333;0.958333333
7_m_Ca;anat;1;4;0;15;5;0;20;;0.75;0.75
7_m_Ca;anat;1;5;0;15;5;0;20;;0.75;0.75
7_m_St;diff;3;5;0;3;1;0;4;;0.75;0.75
7_rab_Mu;diff;1;3;0;20;4;0;24;;0.833333333;0.833333333
7_rab_Mu;diff;1;4;0;20;4;0;24;;0.833333333;0.833333333
7_rab_Mu;diff;1;5;0;20;4;0;24;;0.833333333;0.833333333
7_rab_Mu;diff;2;3;0;22;2;0;24;;0.916666667;0.916666667
7_rab_Mu;diff;2;4;0;22;2;0;24;;0.916666667;0.916666667
7_rab_Mu;diff;2;5;0;22;2;0;24;;0.916666667;0.916666667
7_rab_Mu;diff;3;3;0;22;2;0;24;;0.916666667;0.916666667
7_rab_Mu;diff;3;4;0;22;2;0;24;;0.916666667;0.916666667
7_rab_Mu;diff;3;5;0;22;2;0;24;;0.916666667;0.916666667
7_rab_Mu;diff;4;3;0;23;1;0;24;;0.958333333;0.958333333
7_rab_Mu;diff;4;4;0;23;1;0;24;;0.958333333;0.958333333
94_g_We;func;1;5;0;100;5;0;105;;0.952380952;0.952380952
94_g_We;func;2;5;0;102;3;0;105;;0.971428571;0.971428571
94_g_We;func;3;5;0;102;3;0;105;;0.971428571;0.971428571
94_g_We;func;4;5;0;102;3;0;105;;0.971428571;0.971428571
94_g_We;func;5;5;0;103;2;0;105;;0.980952381;0.980952381
7_m_Lo;anat;1;4;0;108;2;0;110;;0.981818182;0.981818182
7_m_Lo;anat;1;5;0;108;2;0;110;;0.981818182;0.981818182
7_m_Lo;anat;2;4;0;108;2;0;110;;0.981818182;0.981818182
7_m_Lo;anat;2;5;0;108;2;0;110;;0.981818182;0.981818182
7_m_Mi;anat;1;5;0;66;10;0;76;;0.868421053;0.868421053
7_m_Mi;anat;2;5;0;73;3;0;76;;0.960526316;0.960526316
7_m_Mi;anat;3;5;0;73;3;0;76;;0.960526316;0.960526316
7_m_Mi;anat;4;5;0;74;2;0;76;;0.973684211;0.973684211
7_m_Mi;anat;5;5;0;74;2;0;76;;0.973684211;0.973684211
7_m_Se;anat;1;4;0;90;10;0;100;;0.9;0.9
7_m_Se;anat;1;5;0;90;10;0;100;;0.9;0.9
7_m_Se;anat;2;4;0;96;4;0;100;;0.96;0.96
7_m_Se;anat;2;5;0;96;4;0;100;;0.96;0.96
7_m_Se;anat;3;4;0;97;3;0;100;;0.97;0.97
7_m_Se;anat;3;5;0;97;3;0;100;;0.97;0.97
7_m_St;anat;1;5;0;16;3;0;19;;0.842105263;0.842105263
7_m_St;anat;2;5;0;18;1;0;19;;0.947368421;0.947368421
7_m_St;anat;3;5;0;18;1;0;19;;0.947368421;0.947368421
7_rab_Mu;anat;1;4;0;20;4;0;24;;0.833333333;0.833333333
7_rab_Mu;anat;1;5;0;20;4;0;24;;0.833333333;0.833333333
7_rab_Mu;anat;2;4;0;23;1;0;24;;0.958333333;0.958333333
7_rab_Mu;anat;2;5;0;23;1;0;24;;0.958333333;0.958333333
7_rab_Mu;anat;3;4;0;23;1;0;24;;0.958333333;0.958333333
7_rab_Mu;anat;3;5;0;23;1;0;24;;0.958333333;0.958333333
7_r_Se;anat;1;5;0;107;18;0;125;;0.856;0.856
7_r_Se;anat;2;5;0;118;7;0;125;;0.944;0.944
7_r_Se;anat;3;5;0;124;1;0;125;;0.992;0.992
7_r_Se;anat;4;5;0;124;1;0;125;;0.992;0.992
7_r_So;anat;1;4;0;21;4;0;25;;0.84;0.84
7_r_So;anat;1;5;0;21;4;0;25;;0.84;0.84
7_r_So;anat;2;4;0;23;2;0;25;;0.92;0.92
7_r_So;anat;2;5;0;23;2;0;25;;0.92;0.92
94c_m_As;anat;1;4;0;13;3;0;16;;0.8125;0.8125
94c_m_As;anat;1;5;0;13;3;0;16;;0.8125;0.8125
94c_m_As;anat;2;4;0;14;2;0;16;;0.875;0.875
94c_m_As;anat;2;5;0;14;2;0;16;;0.875;0.875
117c_m_Ri;anat;1;3;0;65;7;0;72;;0.902777778;0.902777778
117c_m_Ri;anat;2;3;0;69;3;0;72;;0.958333333;0.958333333
117c_m_Ri;anat;3;3;0;70;2;0;72;;0.972222222;0.972222222
7_rab_Mu;diff;4;5;0;23;1;0;24;;0.958333333;0.958333333
7_r_Se;diff;1;4;0;173;36;0;209;;0.827751196;0.827751196
7_r_Se;diff;1;5;0;173;36;0;209;;0.827751196;0.827751196
7_r_Se;diff;2;4;0;206;3;0;209;;0.985645933;0.985645933
7_r_Se;diff;2;5;0;206;3;0;209;;0.985645933;0.985645933
7_r_Se;diff;3;4;0;207;2;0;209;;0.990430622;0.990430622
7_r_Se;diff;3;5;0;207;2;0;209;;0.990430622;0.990430622
94c_m_As;diff;1;4;0;12;4;0;16;;0.75;0.75
94c_m_As;diff;1;5;0;12;4;0;16;;0.75;0.75
94c_m_As;diff;2;4;0;15;1;0;16;;0.9375;0.9375
94c_m_As;diff;2;5;0;15;1;0;16;;0.9375;0.9375
94c_m_As;diff;3;4;0;15;1;0;16;;0.9375;0.9375
94c_m_As;diff;3;5;0;15;1;0;16;;0.9375;0.9375
117_m_Vr;anat;1;3;0;16;3;0;19;;0.842105263;0.842105263
94_g_We;anat;1;4;0;53;7;0;60;;0.883333333;0.883333333
94_g_We;anat;1;5;0;53;7;0;60;;0.883333333;0.883333333
117_m_Vr;anat;2;3;0;18;1;0;19;;0.947368421;0.947368421
94_g_We;anat;2;4;0;57;3;0;60;;0.95;0.95
94_g_We;anat;2;5;0;57;3;0;60;;0.95;0.95
94_m_As;anat;1;2;0;10;5;0;15;;0.666666667;0.666666667
7_m_Bo;anat;1;3;0;18;5;0;23;;0.782608696;0.782608696
94_m_As;anat;1;4;0;10;5;0;15;;0.666666667;0.666666667
94_m_As;anat;1;5;0;10;5;0;15;;0.666666667;0.666666667
94_m_As;anat;2;2;0;14;1;0;15;;0.933333333;0.933333333
7_m_Bo;anat;2;3;0;22;1;0;23;;0.956521739;0.956521739
94_m_As;anat;2;4;0;14;1;0;15;;0.933333333;0.933333333
94_m_As;anat;2;5;0;14;1;0;15;;0.933333333;0.933333333
94_m_As;anat;3;2;0;14;1;0;15;;0.933333333;0.933333333
7_m_Ca;anat;1;3;0;15;5;0;20;;0.75;0.75
94_m_As;anat;3;4;0;14;1;0;15;;0.933333333;0.933333333
94_m_As;anat;3;5;0;14;1;0;15;;0.933333333;0.933333333
7_m_Se;anat;1;3;0;90;10;0;100;;0.9;0.9
94_m_Rei;anat;1;4;0;7;3;0;10;;0.7;0.7
94_m_Rei;anat;1;5;0;7;3;0;10;;0.7;0.7
7_m_Se;anat;2;3;0;96;4;0;100;;0.96;0.96
94_m_Rei;anat;2;4;0;9;1;0;10;;0.9;0.9
94_m_As;diff;1;5;0;10;4;0;14;;0.714285714;0.714285714
94_m_As;diff;2;5;0;12;2;0;14;;0.857142857;0.857142857
94_m_Va;diff;1;5;0;171;26;0;197;;0.868020305;0.868020305
94_m_Va;diff;2;5;0;191;6;0;197;;0.969543147;0.969543147
94_m_Va;diff;3;5;0;196;1;0;197;;0.994923858;0.994923858
94_m_We;anat;3;3;0;7;3;0;10;;0.7;0.7
94_m_We;anat;5;3;0;9;1;0;10;;0.9;0.9
94_m_As;func;1;5;0;12;3;0;15;;0.8;0.8
94_m_As;func;2;5;0;14;1;0;15;;0.933333333;0.933333333
94_m_As;func;3;5;0;14;1;0;15;;0.933333333;0.933333333
94_m_We;anat;2;4;0;7;3;0;10;;0.7;0.7
94_m_We;anat;3;4;0;9;1;0;10;;0.9;0.9
94_m_We;anat;1;1;8;7;3;0;10;;0.7;0.7
94_m_We;anat;2;1;5;7;3;0;10;;0.7;0.7
94_m_We;anat;1;2;3;9;1;0;10;;0.9;0.9
94_m_We;anat;3;1;1;235;28;0;263;;0.893536122;0.893536122
94_m_We;anat;4;3;0;253;10;0;263;;0.961977186;0.961977186
94_m_We;anat;1;4;0;255;8;0;263;;0.969581749;0.969581749
94_m_We;anat;3;2;0;257;6;0;263;;0.977186312;0.977186312
94_m_We;anat;4;1;0;261;2;0;263;;0.992395437;0.992395437
94_m_Rei;anat;2;5;0;9;1;0;10;;0.9;0.9
7_m_Se;anat;3;3;0;97;3;0;100;;0.97;0.97
94_m_Va;anat;1;5;0;54;8;0;62;;0.870967742;0.870967742
7_rab_Mu;anat;1;3;0;20;4;0;24;;0.833333333;0.833333333
94_m_Va;anat;2;5;0;59;3;0;62;;0.951612903;0.951612903
7_rab_Mu;anat;2;3;0;23;1;0;24;;0.958333333;0.958333333
94_m_Va;anat;3;5;0;60;2;0;62;;0.967741935;0.967741935
7_rab_Mu;anat;3;3;0;23;1;0;24;;0.958333333;0.958333333
7_r_So;anat;1;3;0;21;4;0;25;;0.84;0.84
94_m_We;anat;4;2;0;155;16;0;171;;0.906432749;0.906432749
94_m_We;anat;4;4;0;162;9;0;171;;0.947368421;0.947368421
7_r_So;anat;2;3;0;23;2;0;25;;0.92;0.92
94_m_We;anat;5;1;0;167;4;0;171;;0.976608187;0.976608187
94_g_We;anat;1;3;0;53;7;0;60;;0.883333333;0.883333333
94_g_We;anat;2;3;0;57;3;0;60;;0.95;0.95
94_m_As;anat;1;3;0;10;5;0;15;;0.666666667;0.666666667
94_r_Fr;anat;1;4;0;639;82;0;721;;0.886269071;0.886269071
94_r_Fr;anat;1;5;0;639;82;0;721;;0.886269071;0.886269071
94_m_As;anat;2;3;0;14;1;0;15;;0.933333333;0.933333333
94_r_Fr;anat;2;4;0;694;27;0;721;;0.962552011;0.962552011
94_r_Fr;anat;2;5;0;694;27;0;721;;0.962552011;0.962552011
94_m_As;anat;3;3;0;14;1;0;15;;0.933333333;0.933333333
94_r_Fr;anat;3;4;0;705;16;0;721;;0.977808599;0.977808599
94_r_Fr;anat;3;5;0;705;16;0;721;;0.977808599;0.977808599
94_m_Rei;anat;1;3;0;7;3;0;10;;0.7;0.7
94_m_We;anat;5;2;0;9;1;0;10;;0.9;0.9
94_m_We;anat;5;4;0;9;1;0;10;;0.9;0.9
94_m_We;anat;1;5;0;9;1;0;10;;0.9;0.9
94_m_We;anat;2;5;0;9;1;0;10;;0.9;0.9
94_m_We;anat;3;5;0;9;1;0;10;;0.9;0.9
94_r_Fr;diff;1;3;0;184;26;0;210;;0.876190476;0.876190476
94_r_Fr;diff;1;4;0;184;26;0;210;;0.876190476;0.876190476
94_r_Fr;diff;1;5;0;184;26;0;210;;0.876190476;0.876190476
94_r_Fr;diff;2;3;0;196;14;0;210;;0.933333333;0.933333333
94_r_Fr;diff;2;4;0;196;14;0;210;;0.933333333;0.933333333
94_r_Fr;diff;2;5;0;196;14;0;210;;0.933333333;0.933333333
94_r_Fr;diff;3;3;0;204;6;0;210;;0.971428571;0.971428571
94_r_Fr;diff;3;4;0;204;6;0;210;;0.971428571;0.971428571
94_r_Fr;diff;3;5;0;204;6;0;210;;0.971428571;0.971428571
94_r_Fr;diff;4;3;0;207;3;0;210;;0.985714286;0.985714286
94_r_Fr;anat;4;4;0;716;5;0;721;;0.993065187;0.993065187
94_r_Fr;anat;4;5;0;716;5;0;721;;0.993065187;0.993065187
94_m_Rei;anat;2;3;0;9;1;0;10;;0.9;0.9
94_r_Fr;anat;5;4;0;720;1;0;721;;0.998613037;0.998613037
94_r_Fr;anat;5;5;0;720;1;0;721;;0.998613037;0.998613037
94_r_We;anat;1;2;0;93;10;0;103;;0.902912621;0.902912621
94_r_We;anat;1;3;0;93;10;0;103;;0.902912621;0.902912621
94_r_We;anat;1;4;0;93;10;0;103;;0.902912621;0.902912621
94_r_We;anat;1;5;0;93;10;0;103;;0.902912621;0.902912621
94_r_We;anat;2;2;0;98;5;0;103;;0.951456311;0.951456311
94_r_We;anat;2;3;0;98;5;0;103;;0.951456311;0.951456311
94_r_We;anat;2;4;0;98;5;0;103;;0.951456311;0.951456311
94_r_We;anat;2;5;0;98;5;0;103;;0.951456311;0.951456311
94_r_We;anat;3;2;0;100;3;0;103;;0.970873786;0.970873786
94_r_We;anat;3;3;0;100;3;0;103;;0.970873786;0.970873786
94_r_We;anat;3;4;0;100;3;0;103;;0.970873786;0.970873786
94_r_We;anat;3;5;0;100;3;0;103;;0.970873786;0.970873786
94_r_We;anat;4;2;0;102;1;0;103;;0.990291262;0.990291262
94_r_We;anat;4;3;0;102;1;0;103;;0.990291262;0.990291262
94_r_We;anat;4;4;0;102;1;0;103;;0.990291262;0.990291262
94_r_We;anat;4;5;0;102;1;0;103;;0.990291262;0.990291262
94_r_We;anat;5;2;0;102;1;0;103;;0.990291262;0.990291262
94_r_We;anat;5;3;0;102;1;0;103;;0.990291262;0.990291262
94_r_We;anat;5;4;0;102;1;0;103;;0.990291262;0.990291262
94_r_We;anat;5;5;0;102;1;0;103;;0.990291262;0.990291262
94_r_Fr;diff;4;4;0;207;3;0;210;;0.985714286;0.985714286
94_r_Fr;diff;4;5;0;207;3;0;210;;0.985714286;0.985714286
94_r_Fr;diff;5;3;0;209;1;0;210;;0.995238095;0.995238095
94_r_Fr;diff;5;4;0;209;1;0;210;;0.995238095;0.995238095
94_r_Fr;diff;5;5;0;209;1;0;210;;0.995238095;0.995238095
94_r_We;diff;1;4;0;27;5;0;32;;0.84375;0.84375
94_r_We;diff;1;5;0;27;5;0;32;;0.84375;0.84375
94_r_We;diff;2;4;0;30;2;0;32;;0.9375;0.9375
94_r_We;diff;2;5;0;30;2;0;32;;0.9375;0.9375
94_r_We;diff;3;4;0;31;1;0;32;;0.96875;0.96875
94_r_We;diff;3;5;0;31;1;0;32;;0.96875;0.96875
94_r_We;func;1;3;0;83;10;0;93;;0.892473118;0.892473118
94_r_We;func;1;4;0;83;10;0;93;;0.892473118;0.892473118
94_r_We;func;1;5;0;83;10;0;93;;0.892473118;0.892473118
94_r_We;func;2;3;0;87;6;0;93;;0.935483871;0.935483871
94_r_We;func;2;4;0;87;6;0;93;;0.935483871;0.935483871
94_r_We;func;2;5;0;87;6;0;93;;0.935483871;0.935483871
94_r_We;func;3;3;0;90;3;0;93;;0.967741935;0.967741935
94_r_We;func;3;4;0;90;3;0;93;;0.967741935;0.967741935
94_r_We;func;3;5;0;90;3;0;93;;0.967741935;0.967741935
94_r_We;func;4;3;0;92;1;0;93;;0.989247312;0.989247312
94_r_We;func;4;4;0;92;1;0;93;;0.989247312;0.989247312
94_r_We;func;4;5;0;92;1;0;93;;0.989247312;0.989247312
94_r_We;func;5;3;0;92;1;0;93;;0.989247312;0.989247312
94_r_We;func;5;4;0;92;1;0;93;;0.989247312;0.989247312
94_r_We;func;5;5;0;92;1;0;93;;0.989247312;0.989247312